"cod_beneficiario";"nome";"telefone";"cpf";"bairro";"cidade";"uf";"dt_nascimento"
"0";"Maria Clara Nogueira";"+55 99013 4090";"453.821.967-37";"Sagrada Família";"da Paz da Prata";"SP";"1953-10-28"
"1";"Erick da Conceição";"+55 94418 3797";"091.578.346-01";"Santa Rita De Cássia";"da Rocha Paulista";"CE";"1945-02-03"
"2";"Luigi da Paz";"+55 95870 6178";"217.948.360-04";"Vila Maloca";"Costela do Campo";"MS";"1969-04-20"
"3";"Noah Santos";"+55 96106 0999";"735.826.910-12";"Horto Florestal";"Gonçalves Grande";"RN";"1956-04-17"
"4";"Giovanna Dias";"+55 94069 9703";"367.241.980-03";"Jardim Leblon";"Duarte";"RN";"1966-05-17"
"5";"Danilo Moraes";"+55 97913 4563";"127.583.469-82";"Jaraguá";"Silveira";"AL";"1910-11-14"
"6";"Stephany da Rocha";"+55 95573 2962";"725.918.406-01";"Vila Maloca";"Correia do Galho";"RS";"1906-07-06"
"7";"Marcela Martins";"+55 94613 6244";"901.253.468-24";"Buritis";"Gonçalves";"TO";"1982-06-17"
"8";"Maria Luiza Freitas";"+55 98576 2616";"597.423.061-25";"Oeste";"Rezende do Galho";"AL";"2014-12-10"
"9";"Julia Correia";"+55 94901 2150";"518.024.739-04";"Vila Vista Alegre";"Martins";"MA";"1938-10-10"
"10";"Clarice Aragão";"+55 90934 8748";"923.784.165-55";"João Alfredo";"da Cunha";"TO";"1914-06-13"
"11";"Luiz Otávio Campos";"+55 93945 3986";"873.416.059-01";"Camponesa 1ª Seção";"Pinto";"GO";"2005-02-01"
"12";"Sra. Ana Sophia Lopes";"+55 95387 7948";"139.740.625-99";"Parque São José";"Novaes";"TO";"1956-04-29"
"13";"Sra. Ana Laura Fogaça";"+55 90748 0566";"208.931.675-68";"Jardim Atlântico";"Barros";"SC";"1919-08-13"
"14";"Sophia Freitas";"+55 94296 0430";"572.048.319-50";"Horto Florestal";"Oliveira das Pedras";"GO";"1938-05-27"
"15";"Anthony da Paz";"+55 90960 4479";"025.316.948-89";"Vila Mangueiras";"das Neves";"RO";"1926-03-07"
"16";"Kamilly da Mata";"+55 90772 3823";"806.231.975-02";"Jardim Alvorada";"Rezende";"AC";"1986-03-30"
"17";"Dr. Emanuel da Paz";"+55 97721 1801";"451.687.329-09";"Conjunto Califórnia Ii";"Martins";"CE";"1940-12-25"
"18";"Ian Cunha";"+55 98481 0156";"578.301.246-71";"Grota";"Correia";"PE";"1919-01-14"
"19";"Maria Eduarda Costela";"+55 99319 9817";"376.812.045-71";"Vila Havaí";"da Cruz";"SP";"1986-03-30"
"20";"Enzo das Neves";"+55 92700 1296";"460.981.325-42";"João Alfredo";"Martins do Norte";"PB";"1994-12-09"
"21";"Sr. André da Rocha";"+55 97266 0565";"410.685.923-89";"Vila São Paulo";"Moraes";"MA";"1951-04-13"
"22";"Erick Gonçalves";"+55 99733 6593";"028.357.916-12";"Vila Maloca";"Nascimento da Prata";"RR";"1962-05-02"
"23";"André das Neves";"+55 99658 7776";"170.463.289-78";"Pindura Saia";"Carvalho de das Neves";"SP";"1939-08-07"
"24";"Alice Rocha";"+55 92924 1663";"927.368.045-38";"Sport Club";"Gonçalves";"RS";"1924-04-17"
"25";"Dr. Heitor Santos";"+55 93214 2070";"758.312.604-53";"Pilar";"Mendes da Serra";"RR";"2000-12-20"
"26";"Vinicius Duarte";"+55 95893 3283";"613.587.029-77";"Cidade Nova";"da Cruz da Praia";"AP";"1908-12-17"
"27";"Clarice da Paz";"+55 92114 3893";"207.614.938-40";"São Jorge 1ª Seção";"Cunha dos Dourados";"DF";"1934-12-28"
"28";"Yago Carvalho";"+55 95168 2841";"067.514.983-57";"Araguaia";"Aragão do Norte";"RO";"1945-09-18"
"29";"João Gabriel Almeida";"+55 94709 7730";"248.731.690-03";"Vila Suzana Segunda Seção";"Lopes do Galho";"RJ";"1985-09-03"
"30";"Gustavo Dias";"+55 90344 2909";"385.796.402-29";"Eymard";"da Mota";"PR";"2012-07-28"
"31";"Sarah Rocha";"+55 99747 2020";"573.684.920-83";"Cinquentenário";"Martins Grande";"MG";"1936-04-26"
"32";"Sra. Sophie Moura";"+55 91927 3006";"817.925.043-14";"Camponesa 2ª Seção";"da Conceição";"PR";"2018-11-13"
"33";"João Miguel da Paz";"+55 93400 5540";"372.016.985-59";"Marajó";"Souza";"RN";"1943-02-20"
"34";"Sra. Manuela Lopes";"+55 98816 9067";"978.521.436-28";"Estrela";"Mendes";"MA";"2008-12-05"
"35";"Pedro Miguel da Mata";"+55 96495 9166";"159.874.203-50";"Boa União 1ª Seção";"Fernandes";"PR";"2017-05-29"
"36";"Ana Luiza Jesus";"+55 99208 5472";"024.189.673-87";"Conjunto Califórnia I";"Azevedo da Praia";"GO";"2007-02-16"
"37";"Srta. Melissa Fernandes";"+55 99011 6414";"716.934.802-04";"Novo Ouro Preto";"da Rosa";"BA";"1959-08-19"
"38";"Srta. Ana Julia Martins";"+55 90707 9257";"942.538.610-24";"São Sebastião";"Martins";"AP";"1918-01-16"
"39";"Brenda Moraes";"+55 96834 3819";"605.879.132-40";"Vila Paraíso";"Peixoto do Campo";"MT";"1984-10-07"
"40";"Maria Cecília Melo";"+55 97634 7389";"285.736.109-21";"Conjunto Celso Machado";"da Cunha";"CE";"1932-03-20"
"41";"Dr. Theo Nunes";"+55 90089 9399";"813.590.674-93";"Ápia";"Jesus do Galho";"AL";"1995-07-09"
"42";"Sr. Arthur Ferreira";"+55 95035 0983";"406.857.293-38";"Mangabeiras";"da Rosa";"PR";"1970-08-03"
"43";"Vicente Rezende";"+55 99221 6234";"069.745.321-99";"Santa Rita De Cássia";"Alves";"SC";"2015-07-31"
"44";"Dr. Felipe da Mata";"+55 92533 2785";"869.247.501-76";"Vila Jardim Alvorada";"Fernandes";"TO";"1919-02-12"
"45";"Sr. Benício Alves";"+55 90750 9227";"163.790.248-40";"Cardoso";"Farias";"AL";"1941-07-13"
"46";"André da Mata";"+55 94685 5040";"635.972.041-80";"Conjunto Jatoba";"da Conceição de Moura";"AC";"1936-10-29"
"47";"Kevin Ramos";"+55 91370 5574";"146.590.723-80";"Andiroba";"Ramos";"SC";"1983-11-26"
"48";"Danilo Martins";"+55 94211 9169";"941.578.260-94";"Paulo Vi";"Azevedo";"TO";"1994-07-01"
